{"name": "K Means", "time": 1.6240794658660889, "f1_score": 0.08369001608028061, "adjusted_rand_score": 0.0604251433603243, "silhouette_score": 0.28018467157361676}{"name": "Agglomerative", "time": 18.89577555656433, "f1_score": 0.1447892973561298, "adjusted_rand_score": 0.07060018690396204, "silhouette_score": 0.2656949943911513}{"name": "dbscan", "time": 5.48422384262085, "f1_score": 0.04613893553916578, "adjusted_rand_score": -8.449731795967804e-05, "silhouette_score": 0.48241150706374003}{"name": "GaussianMixture", "time": 27.116947889328003, "f1_score": 0.11755071887073941, "adjusted_rand_score": 0.14591891360784637, "silhouette_score": 0.13740013747197047}{"name": "MeanShift", "time": 1254.304496049881, "f1_score": 0.05240871432954894, "adjusted_rand_score": -0.0019748136341537262, "silhouette_score": 0.5580682991834652}