{"name": "K Means", "time": 0.11464214324951172, "f1_score": 0.08119004563850858, "adjusted_rand_score": 0.17593142438264842, "silhouette_score": 0.3818704467780832}{"name": "Agglomerative", "time": 0.12769818305969238, "f1_score": 0.09929078014184396, "adjusted_rand_score": 0.2196585477089419, "silhouette_score": 0.526721588679991}{"name": "dbscan", "time": 1.8642511367797852, "f1_score": 0.10975254730713248, "adjusted_rand_score": 0.23213605139239407, "silhouette_score": 0.3113191820910145}{"name": "Optics", "time": 0.4543023109436035, "f1_score": 0.08326007326007326, "adjusted_rand_score": 0.07833819405377188, "silhouette_score": -0.18210392644701393}{"name": "GaussianMixture", "time": 2.2443671226501465, "f1_score": 0.07971532562069414, "adjusted_rand_score": 0.19387194842068173, "silhouette_score": 0.2659813705303536}{"name": "MeanShift", "time": 1.5952348709106445, "f1_score": 0.0974518839793982, "adjusted_rand_score": 0.1553427468144512, "silhouette_score": 0.401741661814716}{"name": "Affinity_Propagation", "time": 0.2493281364440918, "f1_score": 0.07751545456463489, "adjusted_rand_score": 0.15095379734332473, "silhouette_score": 0.3343419876999672}{"name": "Spectral", "time": 0.14656519889831543, "f1_score": 0.11303511303511304, "adjusted_rand_score": 0.14671962417462542, "silhouette_score": 0.3615646063956455}{"name": "Birch", "time": 0.04383540153503418, "f1_score": 0.11303511303511304, "adjusted_rand_score": 0.14671962417462542, "silhouette_score": 0.3615646063956455}{"name": "Ward", "time": 0.04089164733886719, "f1_score": 0.04676897379684727, "adjusted_rand_score": 0.15755364371490604, "silhouette_score": 0.3272475301091442}