{"name": "K Means", "time": 1.829655408859253, "f1_score": 0.4739060506904774, "adjusted_rand_score": -0.0039785222672944, "silhouette_score": 0.38688127897930835}{"name": "Agglomerative", "time": 0.2969176769256592, "f1_score": 0.49435209391801893, "adjusted_rand_score": -0.0021303173236961997, "silhouette_score": 0.3229481347641011}{"name": "dbscan", "time": 1.8092882633209229, "f1_score": 0.28229363579080025, "adjusted_rand_score": 0.007249751948026776, "silhouette_score": 0.5187421340843926}{"name": "Optics", "time": 2.3774001598358154, "f1_score": 0.05128205128205129, "adjusted_rand_score": -0.03472256914330669, "silhouette_score": 0.1315306111793199}{"name": "GaussianMixture", "time": 1.839073657989502, "f1_score": 0.630277185501066, "adjusted_rand_score": 0.10399787130992173, "silhouette_score": 0.06841129294837128}{"name": "MeanShift", "time": 4.660480737686157, "f1_score": 0.45883809355380667, "adjusted_rand_score": 0.025570449707291113, "silhouette_score": 0.42391352241701885}{"name": "Affinity_Propagation", "time": 2.379580020904541, "f1_score": 0.4948874317942134, "adjusted_rand_score": 0.0003101000717395688, "silhouette_score": 0.3806073487452493}{"name": "Spectral", "time": 0.3348109722137451, "f1_score": 0.48737994192539646, "adjusted_rand_score": -0.0027753625823600005, "silhouette_score": 0.38332522963236365}{"name": "Birch", "time": 0.039839982986450195, "f1_score": 0.48737994192539646, "adjusted_rand_score": -0.0027753625823600005, "silhouette_score": 0.38332522963236365}{"name": "Ward", "time": 0.043882131576538086, "f1_score": 0.49435209391801893, "adjusted_rand_score": -0.0021303173236961997, "silhouette_score": 0.3229481347641011}{"name": "K Means", "time": 0.06482744216918945, "f1_score": 0.4739060506904774, "adjusted_rand_score": -0.0039785222672944, "silhouette_score": 0.38688127897930835}{"name": "Agglomerative", "time": 0.03989124298095703, "f1_score": 0.49435209391801893, "adjusted_rand_score": -0.0021303173236961997, "silhouette_score": 0.3229481347641011}{"name": "dbscan", "time": 0.02793121337890625, "f1_score": 0.28229363579080025, "adjusted_rand_score": 0.007249751948026776, "silhouette_score": 0.5187421340843926}{"name": "Optics", "time": 0.640233039855957, "f1_score": 0.05128205128205129, "adjusted_rand_score": -0.03472256914330669, "silhouette_score": 0.1315306111793199}{"name": "GaussianMixture", "time": 0.20952463150024414, "f1_score": 0.630277185501066, "adjusted_rand_score": 0.10399787130992173, "silhouette_score": 0.06841129294837128}{"name": "MeanShift", "time": 4.798415660858154, "f1_score": 0.45883809355380667, "adjusted_rand_score": 0.025570449707291113, "silhouette_score": 0.42391352241701885}{"name": "Affinity_Propagation", "time": 0.7930200099945068, "f1_score": 0.4948874317942134, "adjusted_rand_score": 0.0003101000717395688, "silhouette_score": 0.3806073487452493}{"name": "Spectral", "time": 0.38561153411865234, "f1_score": 0.48737994192539646, "adjusted_rand_score": -0.0027753625823600005, "silhouette_score": 0.38332522963236365}{"name": "Birch", "time": 0.017956972122192383, "f1_score": 0.48737994192539646, "adjusted_rand_score": -0.0027753625823600005, "silhouette_score": 0.38332522963236365}{"name": "Ward", "time": 0.020946741104125977, "f1_score": 0.49435209391801893, "adjusted_rand_score": -0.0021303173236961997, "silhouette_score": 0.3229481347641011}