{"name": "K Means", "time": 0.0879368782043457, "f1_score": 0.08408408408408408, "adjusted_rand_score": 0.7163421126838476, "silhouette_score": 0.5043188549150883}{"name": "Agglomerative", "time": 0.031989336013793945, "f1_score": 0.26506024096385544, "adjusted_rand_score": 0.7195837484778036, "silhouette_score": 0.5043490792923951}{"name": "dbscan", "time": 0.015952587127685547, "f1_score": 0.41025228989233486, "adjusted_rand_score": 0.49799578758076946, "silhouette_score": 0.4066770875164023}{"name": "Optics", "time": 0.2996671199798584, "f1_score": 0.28205128205128205, "adjusted_rand_score": 0.4606778545574202, "silhouette_score": 0.4334277758030915}{"name": "GaussianMixture", "time": 0.04686307907104492, "f1_score": 0.0, "adjusted_rand_score": 0.9038742317748124, "silhouette_score": 0.45078004251628156}{"name": "MeanShift", "time": 1.5774266719818115, "f1_score": 0.18357487922705315, "adjusted_rand_score": 0.5934865709792337, "silhouette_score": 0.4764859649483075}{"name": "Affinity_Propagation", "time": 0.34370923042297363, "f1_score": 0.8982809480215644, "adjusted_rand_score": 0.7445264308738749, "silhouette_score": 0.5061626262368143}{"name": "Spectral", "time": 0.10935401916503906, "f1_score": 0.4735436641062775, "adjusted_rand_score": 0.6230625271215975, "silhouette_score": 0.48617445731831593}{"name": "Birch", "time": 0.015617847442626953, "f1_score": 0.4735436641062775, "adjusted_rand_score": 0.6230625271215975, "silhouette_score": 0.48617445731831593}{"name": "Ward", "time": 0.01598334312438965, "f1_score": 0.26506024096385544, "adjusted_rand_score": 0.7195837484778036, "silhouette_score": 0.5043490792923951}