{"name": "K Means", "time": 0.9394936561584473, "f1_score": 0.37283496280939765, "adjusted_rand_score": 0.5262737464779641, "silhouette_score": 0.35524355250483663}
{"name": "Agglomerative", "time": 5.260727405548096, "f1_score": 0.2834893504215625, "adjusted_rand_score": 0.5553052662653685, "silhouette_score": 0.31808013905877797}
{"name": "dbscan", "time": 1.6714301109313965, "f1_score": 0.002464788732394366, "adjusted_rand_score": 0.09658917122708673, "silhouette_score": 0.04996419858955583}
{"name": "Optics", "time": 48.867045402526855, "f1_score": 0.0011363636363636363, "adjusted_rand_score": 0.0007083126612058584, "silhouette_score": -0.377413636773486}
{"name": "GaussianMixture", "time": 2.01338791847229, "f1_score": 0.2346683616769984, "adjusted_rand_score": 0.46308473864640504, "silhouette_score": 0.09132766181431154}
{"name": "MeanShift", "time": 114.03236031532288, "f1_score": 0.008528890404083493, "adjusted_rand_score": 0.4499945795730497, "silhouette_score": 0.37809922490108744}
{"name": "Affinity_Propagation", "time": 100.58611512184143, "f1_score": 0.002375242089338917, "adjusted_rand_score": 0.24908603987267267, "silhouette_score": 0.15643303765620487}
{"name": "Spectral", "time": 8.815586805343628, "f1_score": 0.11456152801147705, "adjusted_rand_score": 0.35646732160140093, "silhouette_score": 0.27769988609731344}
{"name": "Birch", "time": 2.3382630348205566, "f1_score": 0.11456152801147705, "adjusted_rand_score": 0.35646732160140093, "silhouette_score": 0.27769988609731344}
{"name": "Ward", "time": 2.379826068878174, "f1_score": 0.2834893504215625, "adjusted_rand_score": 0.5553052662653685, "silhouette_score": 0.31808013905877797}
{"name": "self", "time": 1.5663025379180908, "f1_score": 0.014980415994787067, "adjusted_rand_score": 0.5508938028711476, "silhouette_score": 0.5508938028711476}