{"name": "K Means", "time": 0.07476210594177246, "f1_score": 0.010101010101010102, "adjusted_rand_score": 0.8685425493202144, "silhouette_score": 0.3013463273503232}
{"name": "Agglomerative", "time": 0.03691434860229492, "f1_score": 0.021275694002966732, "adjusted_rand_score": 0.9310001175059304, "silhouette_score": 0.2948290632158541}
{"name": "dbscan", "time": 0.01994156837463379, "f1_score": 0.1992796820665673, "adjusted_rand_score": 0.4274944651317693, "silhouette_score": 0.23622485945607205}
{"name": "Optics", "time": 0.41533827781677246, "f1_score": 0.0, "adjusted_rand_score": 0.3933660943361469, "silhouette_score": 0.26914771299651574}
{"name": "GaussianMixture", "time": 0.04781985282897949, "f1_score": 0.3334236553312559, "adjusted_rand_score": 0.8961288077970022, "silhouette_score": 0.2962530654753313}
{"name": "MeanShift", "time": 3.421807050704956, "f1_score": 0.20509578544061302, "adjusted_rand_score": -0.007944183697358864, "silhouette_score": 0.11942349194571167}
{"name": "Affinity_Propagation", "time": 0.3475461006164551, "f1_score": 0.9616860775330721, "adjusted_rand_score": 0.8803997758776985, "silhouette_score": 0.3000915039015892}
{"name": "Spectral", "time": 3.5904924869537354, "f1_score": 0.010101010101010102, "adjusted_rand_score": 0.9308728982369983, "silhouette_score": 0.29987584948382157}
{"name": "Birch", "time": 1.7851526737213135, "f1_score": 0.010101010101010102, "adjusted_rand_score": 0.9308728982369983, "silhouette_score": 0.29987584948382157}
{"name": "Ward", "time": 1.8846137523651123, "f1_score": 0.021275694002966732, "adjusted_rand_score": 0.9310001175059304, "silhouette_score": 0.2948290632158541}
{"name": "self", "time": 1.8885281085968018, "f1_score": 0.02688172043010753, "adjusted_rand_score": 0.8170474493042162, "silhouette_score": 0.8170474493042162}